epoch,lr,t_l,v_3d,walking3d80,walking3d160,walking3d320,walking3d400,eating3d80,eating3d160,eating3d320,eating3d400,smoking3d80,smoking3d160,smoking3d320,smoking3d400,discussion3d80,discussion3d160,discussion3d320,discussion3d400,directions3d80,directions3d160,directions3d320,directions3d400,greeting3d80,greeting3d160,greeting3d320,greeting3d400,phoning3d80,phoning3d160,phoning3d320,phoning3d400,posing3d80,posing3d160,posing3d320,posing3d400,purchases3d80,purchases3d160,purchases3d320,purchases3d400,sitting3d80,sitting3d160,sitting3d320,sitting3d400,sittingdown3d80,sittingdown3d160,sittingdown3d320,sittingdown3d400,takingphoto3d80,takingphoto3d160,takingphoto3d320,takingphoto3d400,waiting3d80,waiting3d160,waiting3d320,waiting3d400,walkingdog3d80,walkingdog3d160,walkingdog3d320,walkingdog3d400,walkingtogether3d80,walkingtogether3d160,walkingtogether3d320,walkingtogether3d400
1.0,0.0005,22.73296402737039,17.291604580064448,12.411672592163086,20.83580780029297,39.673194885253906,45.74075698852539,10.851068496704102,22.789772033691406,45.32225036621094,54.474063873291016,8.662839889526367,15.842658996582031,26.890518188476562,32.57910919189453,13.717328071594238,28.911338806152344,49.219085693359375,54.39615249633789,14.502514839172363,27.28522491455078,53.89759826660156,63.76631164550781,17.187694549560547,34.576080322265625,76.38532257080078,90.88758087158203,14.001432418823242,23.358192443847656,45.59368133544922,52.650753021240234,12.42599868774414,28.007444381713867,72.37295532226562,88.87462615966797,21.687976837158203,42.043434143066406,63.75871658325195,74.14830780029297,13.546183586120605,30.623973846435547,60.32856750488281,70.93258666992188,12.613412857055664,29.08917999267578,57.08641815185547,66.49671936035156,9.22558879852295,20.077499389648438,47.85051345825195,60.41448974609375,12.724461555480957,26.990087509155273,69.2293701171875,88.28579711914062,39.178775787353516,66.210205078125,110.40956115722656,133.62852478027344,11.084918975830078,23.393571853637695,46.693214416503906,57.153297424316406
